Sequences,labels
GLWSKIKEVGKEAAKAAAKAAGKAALGAVSEAV,1
GLFDIIKKIAESF,1
GLLDIVKKVVGAFGSL,1
GLFDIVKKVVGALGSL,1
GLFDIVKKVVGAIGSL,1
GLFDIVKKVVGTLAGL,1
GLFDIVKKVVGAFGSL,1
GLFDIAKKVIGVIGSL,1
GLFDIVKKIAGHIAGSI,1
GLFDIVKKIAGHIASSI,1
GLFDIVKKIAGHIVSSI,1
AACARFIDDFCDTLTPNIYRPRDNGQRCYAVNGHRCDFTVFNTNNGGNPIRASTPNCKTVLRTAANRCPTGGRGKINPNAPFLFAIDPNDGDCSTNF,1
GVSGHGQHGVHG,1
HGVSGHGQHGVHG,1
FKCRRWQWRMKKLGAPSITCVRRAF,1
KWKLFKKIKFLHSAKKF,1
KSSAYSLQMGATAIKQVKKLFKKWGW,1
GIGGALLSAGKSALKGLAKGLAEHFAN,1
GIGTKILGGVKTALKGALKELASTYAN,1
GIGGKILSGLKTALKGAAKELASTYLH,1
GIGGVLLSAGKAALKGLAKVLAEKYAN,1
SIGAKILGGVKTFFKGALKELASTYLQ,1
FLPLLAGLAANFLPTIICKISYKC,1
FLPLIGRVLSGIL,1
FLPLIGKVLSGIL,1
FVQWFSKFLGRIL,1
KWKIFKKIEKVGRNIRNGIIKAGPAVAVLGEAKAL,1
GWLKKIGKKIERVGQHTRDATIQTIGVAQQAANVAATLK,1
KWKLFKKIEKVGQNIRDGIIKAGPAVAVVGQATQIAK,1
SQLGDLGSGAGQGGGGGGSIRAAGGAFGKLEAAREEEFFYKKQKEQLERLKNDQIHQAEFHHQQIKEHEEAIQRHKDFLNNLHK,1
GIGKFLHSAKKFGKAFVGEIMNS,1
GIGAVLKVLTTGLPALISWIKRKRQQ,1
ILPWKWPWWPWRR,1
VRRFPWWWPFLRR,1
ALWKNMLKGIGKLAGQAALGAVKTLVGA,1
GWGSFFKKAAHVGKHVGKAALTHYL,1
ACYCRIPACIAGERRYGTCIYQGRLWAFCC,1
CYCRIPACIAGERRYGTCIYQGRLWAFCC,1
DCYCRIPACIAGERRYGTCIYQGRLWAFCC,1
QCRRLCYKQRCVTYCRGR,1
ICIFCCGCCHRSKCGMCCKT,1
LKLKSIVSWAKKVL,1
INLKALAALAKKIL,1
ITSISLCTPGCKTGALMGCNMKTATCNCSIHVSK,1
ITSISLCTPGCKTGALMGCNMKTATCHCSIHVSK,1
KWCFRVCYRGICYRRCR,1
KSCCRNTWARNCYNVCRLPGTISREICAKKCDCKIISGTTCPSDYPK,1
GLLSVLGSVAKHVLPHVVPVIAEHL,1
GLLSVLGSVAQHVLPHVVPVIAEHL,1
GLLSVLGSVVKHVIPHVVPVIAEHL,1
GLFSVLGAVAKHVLPHVVPVIAEKL,1
GLFKVLGSVAKHLLPHVAPVIAEKL,1
GLFKVLGSVAKHLLPHVVPVIAEK,1
GLFGVLGSIAKHVLPHVVPVIAEK,1
GLFGVLAKVAAHVVPAIAEHF,1
GLFVGLAKVAAHNNPAIAEHFQA,1
GFVDFLKKVAGTIANVVT,1
GLLQTIKEKLESLESLAKGIVSGIQA,1
GLLRKGGEKIGEKLKKIGQKIKNFFQKLVPQPE,1
GIINTLQKYYCRVRGGRCAVLSCLPKEEQIGKCSTRGRKCCRRKK,1
FCTMIPIPRCY,1
TRSSRAGLQFPVGRVHRLLRK,1
LLGDFFRKSKEKIGKEFKRIVQRIKDFLRNLVPRTES,1
FFGWLIKGAIHAGKAIHGLIHRRRH,1
GLLSVLGSVAKHVLPHVVPVIAEKL,1
GLFDVIKKVASVIGGL,1
GLFDIIKKVASVVGGL,1
GLFDIIKKVASVIGGL,1
GRFKRFRKKFKKLFKKLSPVIPLLHLG,1
GGLRSLGRKILRAWKKYGPIIVPIIRIG,1
YRGGYTGPIPRPPPIGRPPFRPVCNACYRLSVSDARNCCIKFGSCCHLVK,1
RRRPRPPYLPRPRPPPFFPPRLPPRIPPGFPPRFPPRFP,1
GLLGPLLKIAAKVGSNLL,1
GLICESCRKIIQKLEDMVGPQPNEDTVTQAASRVCDKMKILRGVCKKIMRTFLRRISKDILTGKKPQAICVDIKICKE,1
DHYNCVSSGGQCLYSACPIFTKIQGTCYRGKAKCCK,1
FFHHIFRGIVHVGKTIHRLVTG,1
GFGALFKFLAKKVAKTVAKQAAKQGAKYVVNKQME,1
KWKLFKKIPKFLHLAKKF,1
ILGPVLGLVSDTLDDVLGIL,1
VGALAVVVWLWLWLW,1
KLAKLAKKLAKLAK,1
FLGGLIKIVPAMICAVTKKC,1
KTCENLADTFRGPCFATSNC,1
GLLDTLKGAAKNVVGSLASKVMEKL,1
IDWKKLLDAAKQIL,1
KTCENLADTY,1
FLIGMTQGLICLITRKC,1
GLFDVVKGVLKGVGKNVAGSLLEQLKCKLSGGC,1
FLSLALAALPKFLCLVFKKC,1
FLSLALAALPKLFCLIFKKC,1
ILPILSLIGGLLGK,1
KYYGNGVTCGKHSCSVDWGKATTCIINNGAMAWATGGHQGNHKC,1
GLLGLLGSVVSHVVPAIVGHF,1
GFFALIPKIISSPLFKTLLSAVGSALSSSGGQE,1
GFKRIVQRIKDFLRNLV,1
SLLSLIRKLIT,1
GLLGLLGSVVSHVLPAITQHL,1
GRRKRKWLRRIGKGVKIIGGAALDHL,1
GRRRRSVQWCAVSQPEATKCFQWQRNMRKVRGPPVSCIKRDSPIQCIQA,1
LIGPVLGLVGSALGGLLKKI,1
GIKCRFCCGCCTPGICGVCCRF,1
QSHLSLCRWCCNCCRSNKGC,1
FLPLLASLFSRLF,1
ILGPVISTIGGVLGGLLKNL,1
FLPLAVSLAANFLPKLFCKITKKC,1
FLPIVGKLLSGLSGLL,1
FLPFLKSILGKIL,1
FLPILASLAAKFGPKLFCLVTKKC,1
GIGKFLKKAKKFGKAFVKILKK,1
GLWSKIKEAAKAAGKAALNAVTGLVNQGDQPS,1
LLGMIPLAISAISALSKL,1
RECKTESNTFPGICITKPPCRKACISEKFTDGHCSKILRRCLCTKPC,1
QICKAPSQTFPGLCFMDSSCRKYCIKEKFTGGHCSKLQRKCLCTKPC,1
SWKSMAKKLKEYMEKLKQRA,1
GLPVCGETCVGGTCNTPGCSCSWPVCTRN,1
GVPICGETCTLGTCYTAGCSCSWPVCTRN,1
GIPCGESCVWIPCISSAIGCSCKSKVCYRN,1
GIPCAESCVWIPCTVTALIGCGCSNKVCYN,1
GTFPCGESCVFIPCLTSAIGCSCKSKVCYKN,1
GLLPCAESCVYIPCLTTVIGCSCKSKVCYKN,1
GRDYRTCLTIVQKLKKMVDKPTQRSVSNAATRVCRTGRSRWRDVCRNFMRRYQSRVTQGLVAGETAQQICEDLR,1
GETDPNTQLLNDLGNNMAWGAALGAPGGLGSAALGAAGGALQTVGQGLIDHGPVNVFIPVLIGPSWNGSGSGYNSATSSSGSGS,1
GFKDLLKGAAKALVKTVLF,1
KFFRKLKKSVKKRAKEFFKKPRVIGVSIPF,1
FLPKTLRKFFCRIRGGRCAVLNCLGKEEQIGRCSNSGRKCCRKKK,1
RWKIFKKIEKVGQNIRDGIVKAGPAVAVVGQAATI,1
KSCCPNTTGRNIYNACRLTGAPRPTCAKLSGCKIISGSTCPSDYPK,1
KSCCPNTTGRNIYNTCRFGGGSREVCARISGCKIISASTCPSDYPK,1
KSCCPNTTGRNIYNTCRLTGSSRETCAKLSGCKIISASTCPSNYPK,1
KSCCPNTTGRNIYNTCRFAGGSRERCAKLSGCKIISASTCPSDYPK,1
KSCCPNTTGRNIYNTCRFGGGSRQVCASLSGCKIISASTCPSDYPK,1
KSCCPNTTGRNIYNTCRLGGGSRERCASLSGCKIISASTCPSDYPK,1
MRKEFHNVLSSGQLLADKRPARDYNRK,1
KSCCKNTTGRNIYNTCRFAGGSRERCAKLSGCKIISASTCPSDYPK,1
GFIFHIIKGLFHAGKMIHGLV,1
SVAGRAQGM,1
TESYFVFSVGM,1
FLPAIVGAAAKFLPKIFCAISKKC,1
FLPIIAGVAAKVLPKIFCAISKKC,1
FLPIIAGIAAKFLPKIFCTISKKC,1
FLPVIAGVAANFLPKLFCAISKKC,1
FLPIIAGAAAKVVQKIFCAISKKC,1
FLPIIAGAAAKVVEKIFCAISKKC,1
GLMDTIKGVAKTVAASWLDKLKCKITGC,1
ILGKLLSTAAGLLSNL,1
VNWKKVLGKIIKVAK,1
VNWKKILGKIIKVAK,1
VNWKKILGKIIKVVK,1
PMPVSQECFETLRGHERILSILRHQNLLKELQDLALQGAKERAHQQ,1
FFSLLPSLIGGLVSAIK,1
AMVGT,1
RFRLPFRRPPIRIHPPPFYPPFRRFL,1
FFFLSRIF,1
ATCDLLSKWNWNHTACAGHCIAKGFKGGYCNDKAVCVCRN,1
YKQCHKKGGHCFPKEKICLPPSSDFGKMDCRWRWKCCKKGSG,1
GIPCGESCVFIPCITGAIGCSCKSKVCYRN,1
GEFLKCGESCVQGECYTPGCSCDWPICKKN,1
GLPTCGETCTLGTCYVPDCSCSWPICMKN,1
GIPCGESCVFIPCITAAIGCSCKSKVCYRN,1
GLPVCGETCAGGTCNTPGCSCSWPICTRN,1
GLPVCGETCFGGTCNTPGCTCDPWPVCTRN,1
FVDLKKIANIINSIF,1
AWKLFDDGV,1
GLPVCGETCVGGTCNTPGCACSWPVCTRN,1
GLPVCGETCVGGTCNTPGCGCSWPVCTRN,1
GSIPCGESCVFIPCISSVIGCACKSKVCYKN,1
GIPCGESCVFIPCISSVIGCSCSSKVCYRN,1
GSIPCGESCVFIPCISAVIGCSCSNKVCYKN,1
GSIPCGESCVFIPCISAIIGCSCSSKVCYKN,1
GSIPCEGSCVFIPCISAIIGCSCSNKVCYKN,1
GIPCGESCVFIPCLTSAIDCSCKSKVCYRN,1
GMWSKILGHLIR,1
GKWMSLLKHILK,1
GFGMALKLLKKVL,1
GTGLPMSERRKIMLMMR,1
IKLSPETKDNLKKVLKGAIKGAIAVAKMV,1
FIGAIARLLSKIF,1
GIACGESCVFLGCFIPGCSCKSKVCYFN,1
GVIPCGESCVFIPCISSVLGCSCKNKVCYRD,1
KLCGETCFKFKCYTPGCSCSYPFCK,1
GDACGETCFTGICFTAGCSCNPWPTCTRN,1
GIPCAESCVWIPPCTITALMGCSCKNNVCYNN,1
GASCGETCFTGICFTAGCSCNPWPTCTRN,1
IPCGESCVWIPCITAIAGCSCKNKVCYT,1
AIPCGESCVWIPCISTVIGCSCSNKVCYR,1
GEYCGESCYLIPCFTPGCYCVSRQCVNKN,1
IPCGESCVWIPCISGMFGCSCKDKVCYS,1
SDGGAQDCCLKYSQRKIPAKVVRSYRKQEPSLGCSIPAILFLPRKRSQAELCADPKELWVQQLMQHLDKTPSPQKPAQGCRKDRGASKTGKKGKGSKGCKRTERSQTPKGP,1
GFSSIFRGVAKFASKGLGKDLAKLGVDLVACKISKQC,1
FIHHIIGGLFSVGKHIHSLIHGH,1
FIHHIIGGLFSAGKAIHRLIRRRRR,1
FIHHIIGWISHGVRAIHRAIH,1
FLHHIVGLIHHGLSLFGDRAD,1
LLRHVVKILEKYL,1
GFLDIIKDTGKEFAVKILNNLKCKLAGGCPP,1
ALYKKLLKKLLKSAKKLG,1
FLGALWNVAKSVF,1
RKGWFKAMKSIAKFIAKEKLKEHL,1
FLSLIPKLVKKIIKAFK,1
FLGMIPGLIGGLISAFK,1
SKVWRHWRRFWHRAHRLH,1
ILPIRSLIKKLL,1
FLPLKKLRFGLL,1
LKLSPKTKDTLKKVLKGAIKGAIAIASMA,1
IKIPSFFRNILKKVGKEAVSLIAGALKQS,1
GIFPIFAKLLGKVIKVASSLISKGRTE,1
GIPCGESCVFIPCTVTALLGCSCKDKVCYKN,1
GVPCAESCVWIPCTVTALLGCSCKDKVCYLN,1
GIPCGESCVYIPCTVTALLGCSCKDKVCYKN,1
GSVIKCGESCLLGKCYTPGCTCSRPICKKD,1
SKWQHQQDSCRKQLQGVNLTPCEKHIMEKIQGRGDDDDDDDDD,1
CETPSKHFNGLCIRSSNCASVCHGEHFTDGRCQGVRRRCMCLKPC,1
RLGDGCTR,1
WAIVLL,1
GLVGTLLGHIGKAILG,1
GLVGTLLGHIGKAILS,1
ELLVDLL,1
KLKNFAKGVAQSLLNKASCKLSGQC,1
KRFKKFFKKVKKSVKKRLKKIFKKPMVIGVTIPF,1
RWKIFKKIEKMGRNIRDGIVKAGPAIEVLGSAKAIGK,1
FLFSLIPSVIAGLVSAIRN,1
FLFSLIPSAIAGLVSAIRN,1
FFSLIPSLVGGLISAFK,1
FCTCNVKGFNAKNKRGIIYP,1
GLPLCGETCVGGTCNTPGCSCGWPVCVRN,1
GAFLKCGESCVYLPCLTTVVGCSCQNSVCYRD,1
GAVPCGETCVYLPCITPDIGCSCQNKVCYRD,1
GTSCGETCVLLPCLSSVLGCTCQNKRCYKD,1
DEDDD,1
RGSALTHLP,1
GFGSKPLDSFGLNFF,1
GFGSKPIDSFGLSWL,1
IWSFLIKAATKLLPSLFGGGKKDS,1
GVWDWIKKTAGKIWNSEPVKALKSQALNAAKNFVAEKIGATPS,1
KRMGIFHLFWAGLRKLGNLIKNKIQQGIENFLG,1
KRIGLIRLIGKILRGLRRLG,1
KRIRFFERIRDRLRDLGNRIKNRIRDFFS,1
CHTNGGYCVRAICPPSARRPGSCFPEKNPCCKYM,1
ACVNQCPDAIDRFIVKDKGCHGVEKKYYKQVYVACMNGQHLYCRTEWGGPCQL,1
GIGSAILSAGKSIIKGLAKGLAEHF,1
IIGPVLGLVGKALGGLL,1
ALWKEVLKNAGKAALNEINNLV,1
ASVVNKLTGGVAGLLK,1
NLVSALIEGRKYLKNVLKKLNRLKEKNKAKNSKENN,1
FLPIVAKLLSGLL,1
RRRQRRKKRGGGDTRLNTVWMW,1
ALWKDILKNAGKAALNEINQIVQ,1
ALWKSLLKNVGKAAGKAALNAVTDMVNQ,1
ALWKTMLKKLGTVALHAGKAALGAVADTISQ,1
GIMDTVKNAAKNLAGQLLDKLKCSITAC,1
LNLKALLAVAKKIL,1
VLLVTLTRLHQRGVIYRKWRHFSGRKYR,1
FLSLIPAAISAVSALANHF,1
SPRVRRRYGRPFGGRPFVGGQFGGRPGCVCIRSPCPCANYG,1
GLFSVVKGVLKGVGKNVSGSLLDQLKCKISGGC,1
GLWSKIKDAAKTAGKAALGFVNEMV,1
GPKTKAACKMACKLATCGKKPGGWKCKLCELGCDAV,1
GIKEMLCNMACAQTVCKKSGGPLCDTCQAACKALG,1
FLGAILKIGHALAKTVLPMVTNAFKPKQ,1
FLSLIPHIASGIASLVKNF,1
FLSLLPHIASGIASLVSKF,1
FIQHLIPLIPHAIQGIKDIF,1
GMWSKIKETAMAAAKEAAKAAGKTISDMIKQ,1
GMWSKIKNAGKAAAKAAAKAAGKAALDAVSEAI,1
RWKLFKKIEKVGRNVRDGLIKAGPAIAVIGQAKSL,1
FLSLIPKIAGGIAALAKHL,1
FIGTLIPLALGALTKLFK,1
HSDGIFTDSYSRYRKQMAVKKYLAAVLGRRYRQRFRNK,1
SIFSLFKMGAKALGKTLLKQAGKAGAEYAACKATNQC,1
SILSLFKMGAKALGKTLIKQAGKAGAEYVACKATNQC,1
FLPLLISALTSLFPKLGK,1
GLWSKIKNVAAAAGKAALGAL,1
GVITDALKGAAKTVAAELLKKAHCKLTNSC,1
GLLGKILGAGKKVLCGVSGLC,1
GIFKVLKNLAKGVITSLAS,1
LIKKLKEYLKKLI,1
GIFDVLKNLAKGVITSLKS,1
GIFKVLKNLAKGVITSLKS,1
PQAAIVASG,1
ALLDKLKSLGKVVGKVALGVVQNYLNPRQ,1
AWLDKLKSIGKVVGKVAIGVAKNLLNPQ,1
GLLRKGGEKIGEKLKKIGQKIKNFFQKLVPQPEQ,1
GKKLKKIGQKIKNFFQKL,1
FLPLLAGLAANFLPQIICKIARKC,1
FLPLLAGLAANFLPKIICKIARKC,1
FLGVALKLGKVLGKALLPLASSLLHSQ,1
GIFKDTLKKVVAAVLTTVADNIHPK,1
GLMDMLKKVGKVALTVAKSALLP,1
ALWKSILKNAGKAALNEINQIV,1
LNLKKLLKVAKKIL,1
GFMKTAKNVAKNVAATLLKLLK,1
GFMKTWKNVWKNVAATLLKLLK,1
GVFDTVKKIGKAVGKFALGVAKNYLNS,1
FLGTVLKLGKAIAKTVVPMLTNAMQPKQ,1
FLGLIPALAGAIGNLIK,1
FLPLLAGLAASFLPTIFCKISRKC,1
FFSLIPKLVKGLISAFK,1
FFKLIPKLVKGLISAFK,1
ALWKTLLKHVGKAAGKAALNAVTDMVNQ,1
DDKPDKPDDKPDDSGKDPKPDFPKFLSLLGTEIIENAVEFILRSMSRSTGFMEFDDNEGKHSSK,1
FLFKLIPKVIKGLVKAIRK,1
FLFKLIPKAIKGLVKAIRK,1
FLSLIPHAISAVSALAKHL,1
FLSLIPKAIKAVSALAKKL,1
FLSLIPKAIKAVKALAKKL,1
FFPIVAGVAAKVLKKIFCTISKKC,1
FFPKVAGVAAKVLKKFCTISKKC,1
ALWKDMLKGIGKLAGKAALGAVKTLV,1
FLPFLGKLFSGIF,1
GFPCGESCVYIPCFTAAIGCSCKSKVCYKN,1
KRFKKFFKKVKKSV,1
KKRLKKIFKKPMVIGVTIPF,1
GRMQEFIKKLKAYLRKMKEKFSQIS,1
SLDQINVTFLDLEYEMKKLEEAIKKLEESYIDLKEL,0
SLDQINVTFLDLEYEMKKLEEAIKKLEESYIDLKELGSG,0
SLDQINVTFLDLEYEMKKLEEAIKKLEESYIDLKELGSGSG,0
SLTQINTTLLDLTYEMLSLQQVVKALNESYIDLKEL,0
SLDYINVTFLDLQDEMNRLQEAIKVLNQSYINLKDI,0
SLDYINVTFLDLQDEMKKLEEAIKKLEQSYINLKDI,0
SLDYINVTFLDLEDEMKKLEEAIKKLEESYINLKEI,0
SLDQINVTFLDLEYEMKKLEEAIKKLEESYIDLKEI,0
DISGINASVVNIQKEIDRLNEVAKNLNESLIDLQEL,0
LTQINTTLLDLTYEMLSLQQVVKALNESYIDLKEL,0
GDISGINASVVNIQKEIDRLNEVAKNLNESLIDLQELG,0
ELDSPKEELDKYFKNHTSPDVDLGDISGINASVVNIQKEIDRLNEVAKNLNESLIDLQELGKYE,0
PKEELDKYFKNHTSPDVDLGDISGINASVVNIQKEIDRLNEVAKNLNESLIDLQELGKYE,0
LDKYFKNHTSPDVDLGDISGINASVVNIQKEIDRLNEVAKNLNESLIDLQELGKYE,0
FKNHTSPDVDLGDISGINASVVNIQKEIDRLNEVAKNLNESLIDLQELGKYE,0
TSPDVDLGDISGINASVVNIQKEIDRLNEVAKNLNESLIDLQELGKYE,0
VDLGDISGINASVVNIQKEIDRLNEVAKNLNESLIDLQELGKYE,0
DISGINASVVNIQKEIDRLNEVAKNLNESLIDLQELGKYE,0
ELDSFKEELDKYFKNHTSPDVDLGDISGINASVVNIQKEIDRLNEVAKNLNESLIDLQELGKYEQYIK,0
ELDSFKEELDKYFKNHTSPDVDLGDISGINASVVNIQKEIDRLNEVAKNLNESLIDLQEL,0
ELDSPKEELDKYFKNHTSPDVDLGDISGINASVVNIQKEIDRLNEVAKNLNESLID,0
DLSLDFEKLNVTLLDLTYEMNRIQDAIKKLNESYINLKE,0
AYRFNGIQVTQNVLYENQKQIANQFNKAISQIQESLTTTSTALGKLQDVVNQNAQALNTLVKQLSSNFGAISSVLNDILSRLDKVEAEVQIDRLIT,0
NQKQIANQFNKAISQIQESLTTTSTALGKLQDVVNQNAQALNTLVKQLSSNFGAISSVLNDILSRLDKVEAEVQIDRLIT,0
NQNAQALNTLVKQLSSNFGAISSVLNDILSRLDKVEAEVQIDRLIT,0
SLTQINTTLLDLEYEMRSLQQVVKALNESYIDLKEL,0
SLTQINTTLLDLEYEMKKLEEVVKKLEESYIDLKEL,0
SIPNFGSLTQINTTLLDLTYEMLSLQQVVKALNESYIDLKELGNY,0
GFLYVYKGYQPI,0
FYTTTGIGYQPY,0
STSQKSIVAYTM,0
YHTVSLLRSTSQ,0
SLLRSTSQKSIV,0
KSIVAYTMSLGA,0
EEQAKTFLDKFNHEAEDLFYQSS,0
EEQAKTFLDKFNHEAEDLFYQSSLASWNYNTNITEE,0
EEQAKTFLDKFNHEAEDLFYQSSGLGKGDFR,0
ISGINASVVNIQKEIDRLNEVAKNLNESLIDLQEL,0
CGGGGGSLTEINTELLDLEYEMKKLEEVVKKLEESYIDLKEL,0
GPNFAEISKINTTLLDLSDEMAMLQEVVKQLNDSYI,0
EISKINTTLLDLSDEMAMLQEVVKQLNDSYIDLKEL,0
LDLSDEMAMLQEVVKQLNDSYIDLKELGNYTYYNKW,0
FKLPLGINITNFRAILTAFS,0
VLYNSTFFSTFKCYGVSATK,0
PALNCYWPLNDYGFYTTSGI,0
RDVSDFTDSVRDPKTSEILD,0
SNNTIAIPTNFSISITTEVM,0
GIGVTQNVLYENQKQIANQF,0
IQKEIDRLNEVAKNLNESLI,0
YQDVNCTDVSTAIHADQLTP,0
PTTFMLKYDENGTITDAVDC,0
QYGSFCTQLNRALSGIAAEQ,0
YKYRYL,0
GINASVVNIQKEIDRLNEVAKNLNESLIDLQELGKYE,0
KEIDRLNEVAKNLNESLIDLQELGKYEQYIKWPWYVW,0
GVTQNVLYENQKQIANQFNKAISQIQESLTTTSTALGKLQ,0
LTTTSTALGKLQDVVNQNAQALNTLVKQLSSNFG,0
KQLSSNFGAISSVLNDILSRLDKVEAEVQIDRLITG,0
GRLQSLQTYVTQQLIRAAEIRASANLAATKMSEC,0
MWKTPTLKYFGGFNFSQIL,0
ATAGWTFGAGAALQIPFAMQMAY,0
GYHLMSFPQAAPHGVVFLHVTW,0
GVFVFNGTSWFITQRNFFS,0
GYFVQDDGEWKFTGSSYYY,0
NEVAKNLNESLIDLQELGKYEQYIKWPWYVW,0
AACEVAKNLNESLIDLQELGKYEQYIKW,0
NGIGVTQNVLYENQKQIANQFNKAISQIQESLTTTSTA,0
FNKAISQIQESLTTTSTALGKLQDVVNQNAQALNTLVKQL,0
ALNTLVKQLSSNFGAISSVLNDILSRLDKVEAEVQIDRL,0
IDRLITGRLQSLQTYVTQQLIRAAEIRASANLAATK,0
YVTQQLIRAAEIRASANLAATKMSECVLGQSKRVDFCGKG,0
VYDPLQPELDSFKEELDKYFKNHTSPDVDLGDISGINASVV,0
QPELDSFKEELDKYFKNHTSPDVDLGDISGINASVVNIQ,0
SFKEELDKYFKNHTSPDVDLGDISGINASVVNIQKEIDRLNE,0
LDKYFKNHTSPDVDLGDISGINASVVNIQKEIDRLNEVAK,0
FKNHTSPDVDLGDISGINASVVNIQKEIDRLNEVAKNLNES,0
PDVDLGDISGINASVVNIQKEIDRLNEVAKNLNESLIDLQ,0
GDISGINASVVNIQKEIDRLNEVAKNLNESLIDLQELGKY,0
ISGINASVVNIQKEIDRLNEVAKNLNESLIDLQELGKYEQYIKWPW,0
ISGINASVVNIQKEIDRLNEVAKNLNESLIDLQELGK,0
GINASVVNIQKEIDRLNEVAKNLNESLIDLQELGK,0
INASVVNIQKEIDRLNEVAKNLNESLIDLQELGKYEQYIKWPW,0
INASVVNIQKEIDRLNEVAKNLNESLIDLQELGKYEQYI,0
INASVVNIQKEIDRLNEVAKNLNESLIDLQELGK,0
INASVVNIQKEIDRLNEVAKNLNESLIDL,0
VVNIQKEIDRLNEVAKNLNESLIDLQELGKYEQYIKWPW,0
VVNIQKEIDRLNEVAKNLNESLIDLQELGK,0
IQKEIDRLNEVAKNLNESLIDLQELGKYEQYIKWPW,0
IDRLNEVAKNLNESLIDLQELGKYEQYIKWPW,0
IQKEIDRLNEVAKNLNESLIDLQELGK,0
DVDLGDISGINASVVNIQKEIDRLNEVAKNLNESLIDLQELGKYEQYI,0
YENQKQIANQFNKAISQIQESLTTTSTA,0
IQESLTTTSTALGKLQDVVNQNAQALNTLVKQLSS,0
YENQKQIANQFNKAISQIQESLTTTSTALGKLQDVVNQNAQALNTLVKQLSSNFGAISSV,0
SLTHRKFGGSGGSPFSGLSSIAVRSGSYLDAIIDGVHHGSGGNLSPTFTFGSGEYISNMTIRSGDYIDNISFETNMGRRFGPYGGSGGSANTLSNVKVIQINGSAGDYLDSLDIYYEQY,0
NGAICWGPCPTAFRQIGNCGHFKVRCCKIR,0
GITQQVLSENQKLIANKFNQALGAMQTGFTTTNEAFQKVQDAVNNNAQALSKLSAELSNTFGAISASIGDIIQRLDVLESGGRGGSIPNFGSLTQINTTLLDLTYEMLSLQQVVKALNESYIDLKELGNYGGSGGSGGGITQQVLSENQKLIANKFNQALGAMQTGFTTTNEAFQKVQDAVNNNAQALSKLSAELSNTFGAISASIGDIIQRLDVLESGGRGGSIPNFGSLTQINTTLLDLTYEMLSLQQVVKALNESYIDLKELGNYGGSGGSGGGITQQVLSENQKLIANKFNQALGAMQTGFTTTNEAFQKVQDAVNNNAQALSKLSAELSNTFGAISASIGDIIQRLDVLE,0
DLTEMLSLQQVVKALNESY,0
LLTYMLSLQQVVKALNESY,0
LDLYEMSLQQVVKALNESY,0
LDLTEMLLQQVVKALNESY,0
LDLTYEMSLQVVKALNESY,0
LDLTYEMLLQQVKALNESY,0
LDLTYEMLSLQVVALNESY,0
LDLTYEMLSLQVVKLNESY,0
LDLTYEMLSLQQVVALNSY,0
LDLTYEMLSLQQVVKLNEY,0
LLUSPALTYLUSPAMLSLQQVVKALNESY,0
LDLTLUSPAEMLLUSPALQQVVKALNESY,0
LDLTYEMLUSPASLQLUSPAVVKALNESY,0
LDLTYEMLSLQLUSPAVVKLUSPALNESY,0
LDLTYEMLSLQQVVLUSPAALNLUSPASY,0
LDLTYEMLSLQQVVKLUSPALNELUSPAY,0
LDLTYEMLSLQRPAVVKRPALNESY,0
LDLTYELNLSLQVVKLNESY,0
LDLTYEMLSLQVVKLNESF,0
LDLTYELNLSLQVVKLNESF,0
LDLTYEMLSLQQVVKALNESY,0
AEEASKKAEEASKKAEEASKKAEEASKKAEEASKK,0
VEEVSKKVEEVSKKVEEVSKKVEEVSKKVEEVSKK,0
FEEFSKKFEEFSKKFEEFSKKFEEFSKKFEEFSKK,0
YEEYSKKYEEYSKKYEEYSKKYEEYSKKYEEYSKK,0
LEELSKKLEELSKKLEELSKKLEELSKKLEELSKK,0
IEEISKKIEEISKKIEEISKKIEEISKKIEEISKK,0
IEEIYKKIEEIYKKIEEIYKKIEEIYKKIEEIYKK,0
IEEIWKKIEEIWKKIEEIWKKIEEIWKKIEEIWKK,0
IEEIHKKIEEIHKKIEEIHKKIEEIHKKIEEIHKK,0
IEEIQKKIEEIQKKIEEIQKKIEEIQKKIEEIQKK,0
IEEIKKKIEEIKKKIEEIKKKIEEIKKKIEEIKKK,0
IEEIEKKIEEIEKKIEEIEKKIEEIEKKIEEIEKK,0
ISGINASVVNIQKEIDRLNEVAKNLNESLIDLQELK,0
SVVNIQKEIDRLNEVAKNLNESLIDLQELGK,0
IDRLNEVAKNLNESLIDLQELGK,0
IQKEIDRLNEVAKNLNESLIDLQELGKYEQYIK,0
ISGINASVVNIQKEIDRLNEVAKNLNESLIK,0
SVVNIQKEIDRLNEVAKNLNESLIK,0
NGAICWGPCPTAFRQIGNCGRFRVRCCRIR,0
AASFNKAMTNIVDAFTGVNDAITQTSQALQTVATALNKIQDVVNQQGNSLNHLTSQ,0
VVEQYNQTILNLTSEISTLENKSAELNYTVQKLQTLIDNINSTLVDLKWL,0
AVLQSGFR,0
PTTCANDP,0
DLKGKYVQIP,0
NCVKMLCTHTGTGQAITVTP,0
GGASCCLYCRCH,0
FGGASCCLYCRCHIDHPNPKGFCDLKGKY,0
LFRLIKSLIKRLVSAFK,0
LFGLIPSLIGGLVSAFK,0
SLIGGLVSAFK,0
VSAFK,0
GINASVVNIQKEIDRLNEVAKNLNESLIDL,0
QNQSANQFQKEISQINEVLTTTNTSLGKLQDDVNQNNQSLNTLQKE,0
QKQIANQFNKAISQIQESLTTTSTALGKLQDVVNQNAQALNTLVKQ,0
GDISGINASVVNIQKEIDRLNEVAKNLNESLIDLQELGKYEQYI,0
ISGINASVVNIQKEIDRLNEVAKNLNESLIDLQELG,0
IEEINKKVEEIQKKIEELNKKAEELNKKLEELQKK,0
ISGINASVVNIQEEIKKLNEEAKKLNESLIDLQEL,0
KYEQYIKWPWYVWLGF,0
FNATYLNLTGEIDDLEFRSEKLHNTTVELAILIDNI,0
FNATYLNLTGEIDDLEFRSEKLHNTTVELAILIDNINNTLVNL,0
FNATYLNLTGEIDDLEFRSEKLHNTTVELAILIDNINNTLVNLEWLNRIE,0
SALEEQLKTFLDKFMHELEDLLYQLAL,0
SALEEQYKTFLDKFMHELEDLLYQLSL,0
SALEEQYKTFLDKFMHELEDLLYQLAL,0
DKFNHEAED,0
DISGINASVVNIQKEIDRLNEVAKNLNESLIELQEL,0
DISGINASVVNIQKEIDRLNEVAKNLNESLIGLQEL,0
DISGINASVENIQKEIDRLNEVAKNLNESLIDLQEL,0
IEEIVKKIHHIERAIEAQQKLLQLTVWGIKQLQARIL,0
IEEIVEEIHHIERAIQQIEQRIQQIEQRIQQIEQRIL,0
SVVPSKATWGFA,0
HVTTTFAPPPPR,0
IEEQAKTFLDKFNHEAEDLFYQSSLASWNYNTNIT,0
IEEQAKTFLDKFNHEKEDLEYQSSLASWNYNTNIT,0
IEEQAKTFLDKKNHEEEDLFYQSSLASWNYNTNIT,0
IEEQAKTKLDKENHEAEDLFYQSSLASWNYNTNIT,0
ALNCYWPLNDYGFYTTTGIGYQPYRVVVLSFEL,0
YGRKKRRQRRRGSGYGGASVCIYCRSRVEHPDVDGLCKLRGKF,0
DEDLEELERLYRKAEEVAKEAKDASRRGDDERAKEQMERAMRLFDQVFELAQELQEKQTDGNRQKATHLDKAVKEAADELYQRVR,0
ELEEQVMHVLDQVSELAHELLHKLTGEELERAAYFNWWATEMMLELIKSDDEREIREIEEEARRILEHLEELARK,0
DKEWILQKIYEIMRLLDELGHAEASMRVSDLIYEFMKKGDERLLEEAERLLEEVER,0
NDDELHMLMTDLVYEALHFAKDEEIKKRVFQLFELADKAYKNNDRQKLEKVVEELKELLERLLS,0
LLGDFFRKSKEKIGKEFKRIVQRIKDFLRNLVPRTES,0
TFLDKFNHEAEDLFYQ,0
EDLFYQSSL,0
LAQMYPL,0
GKGDFRIL,0
QAKTFLDKFNHEA,0
EDLFYQ,0
TIEEQAKTSPALDKSPANHEAEDLFYQSPASLASPAWN,0
TIEEQROAKTFLDKSPANHEAEDLROAYQSSLASPAWN,0
TIEEQAKTSPALDKSPANHEAEDLROAYQSSLASPAWN,0
TIEEQROAKTFLDKSPANHEAEDLFYQSPASLASPAWN,0
TIEEQAKTFLDKFNHEAEDLFYQSSLASWN,0
DNESPAQWFSPAYHLSPAFFNSPAV,0
KKKKYRNIRRPG,0
TLKPIFKLPLGINITNFR,0
TSSMRGVYYPDEIFRSDTLYL,0
KSNVVRGWVFGSTMNNKSQS,0
YKGYQPIDVVRDLPSGFNTL,0
TDAVDCSQNPLAELKCSVKSF,0
KGIYQTSNFRVVPSGDVVRF,0
TKFPSVYAWERKKISNCVAD,0
YNYKYRYLRHGKLRPFERDI,0
PSSKRFQPFQQFGRDVSDFT,0
CANLLLQYGSFCTQLNRALSGIA,0
RNTREVFAQVKQMYKTPTLKYFG,0
PSSKRFQPFQQFGRDVSDFTDSVRDPKTSE,0
SPIHACRYQRGVCIPGPCRWPYYRVGSCGSGLKSCCVRNRWA,0
GLPQDCERRGGFCSHKSCPPGIGRIGLCSKEDFCCRSRWYS,0
KYYGNGVSCNKKGCSVDWGKAIGIIGNNSAANLATGGAAGWKS,0
KTCMTKKEGWGRCLIDTTCAHSCRKYGYMGGKCQGITRRCYCLLNC,0
QEAQSVACTSYYCSKFCGSAGCSLYGCYLLHPGKICYCLHCSR,0
FFLLFLQGAAGNSVLCRIRGGRCHVGSCHFPERHIGRCSGFQACCIRTWG,0
LFGSVKAWFKGAKKGFQDYRYQKDMAKMNKRYGPNWQQRGGQEPPADAQANDQPP,0
VSFPWSCAALSGVCRQGACLPSELYFGPLGCGKGSLCCVSYFL,0
LDSPKEELDKYFKNHTSPDVDLGDISGINASVVNIQKEIDRLNEVAKNLNESLIDLQELGKYE,0
KTCENLADTFRGPCFATSNC,0
GLFVGVLAKVAAHVVPAIAEHF,0
GIGKFLHSAGKFGKAFVGEIMKS,0
GIGKFLHSAKKFGKAFVGEIMNS,0
GEGFLGMLLHGVGHAIHGLIHGK,0
GLRSKIWLWVLLMIWQESNKFKKM,0
FLPVLAGIAAKVVPALFCKITKKC,0
GWGSFFKKAAHVGKHVGKAALTHYL,0
FFGWLIRGAIHAGKAIHGLIHRRRH,0
ALWMTLLKKVLKAAAKAALNAVLVGANA,0
GLPVCGETCVGGTCNTPGCTCSWPVCTRN,0
GAFGNFLKGVAKKAGLKILSIAQCKLSGTC,0
GWFKKAWRKVKNAGRRVLKGVGIHYGVGLI,0
GSVLNCGETCLLGTCYTTGCTCNKYRVCTKD,0
RRCICTTRTCRFPYRRLGTCIFQNRVYTFCC,0
ACYCRIGACVSGERLTGACGLNGRIYRLCCR,0
GVIPCGESCVFIPCISTLLGCSCKNKVCYRN,0
GVIPCGESCVFIPCISAAIGCSCKNKVCYRN,0
KIPCGESCVWIPCVTSIFNCKCKENKVCYHD,0
GSIPACGESCFKGKCYTPGCSCSKYPLCAKN,0
CGESCVFIPCITTVLGCSCSIKVCYKNGSIP,0
ATCYCRTGRCATRESLSGVCEISGRLYRLCCR,0
AFTCHCRRSCYSTEYSYGTCTVMGINHRFCCL,0
VTCYCRRTRCGFRERLSGACGYRGRIYRLCCR,0
VTCYCRSTRCGFRERLSGACGYRGRIYRLCCR,0
GFFALIPKIISSPLFKTLLSAVGSALSSSGEQE,0
VCSCRLVFCRRTELRVGNCLIGGVSFTYCCTRV,0
DFASCHTNGGICLPNRCPGHMIQIGICFRPRVKCCRSW,0
GFGCNGPWDEDDMQCHNHCKSIKGYKGGYCAKGGFVCKCY,0
MWKTPTLKYFGGFNFSQI,0
GNHILSLVQNAPYGLYFIHFSW,0
GINASVVNIQKEIDRLNEVAKNL,0
FKPSSPPSITLW,0
GKYEQYIK,0
VKQLSSNFGAISSVLNDILSRLDKVEAEVQIDRLIT,0
DILSRLDKVEAEVQIDRLIT,0
GGGYSKAQKAQAKQAKQAQKAQKAQAKQAKQAQKAQKAQAKQAKQ,0
SGINASVVNIQKEIDRLNEVAKNLNESLIDLQEL,0
FLDKFNHEAEDLFYQSSL,0
DVDLGDISGINASVVNIQKEIDRLNEVAKNLNESLIDLQEL,0
LDLSDEMAMLQQEVVKQLNDSYIDLKELGNYTYYNKW,0
GSHMGDAQDKLKYLVKQLERALRELKKSLDELERSLEELEKNPSEDALVENNRLNVENNKIIVEVLRIILELAKASAKLA,0
EISKINTTLLDLSDEMAMLQQEVVKQLNDSYIDLKEL,0
